City,Pincode
Varanasi,221001
Varanasi,221002
Varanasi,221003
Varanasi,221004
Varanasi,221005
Varanasi,221006
Varanasi,221007
Varanasi,221008
Varanasi,221009
Varanasi,221010
Varanasi,221011
Varanasi,221012
Varanasi,221013
Varanasi,221014
Varanasi,221015
Varanasi,221101
Varanasi,221102
Varanasi,221103
Varanasi,221104
Varanasi,221105
Varanasi,221106
Varanasi,221107
Varanasi,221108
Varanasi,221109
Varanasi,221110
Varanasi,221201
Varanasi,221202
Varanasi,221203
Varanasi,221204
Varanasi,221205
Varanasi,221206
Varanasi,221207
Varanasi,221208
Varanasi,221301
Varanasi,221302
Varanasi,221303
Varanasi,221304
Varanasi,221305
Varanasi,221306
Varanasi,221307
Varanasi,232101
Varanasi,232102
Varanasi,232103
Varanasi,232104
Varanasi,232105
Varanasi,232106
Varanasi,232107
Varanasi,232108
Varanasi,232109
Varanasi,232110
Varanasi,232111
Varanasi,232112
Varanasi,232113
Varanasi,232114
Varanasi,232115
Varanasi,232116
Prayagraj,211001
Prayagraj,211002
Prayagraj,211003
Prayagraj,211004
Prayagraj,211005
Prayagraj,211006
Prayagraj,211007
Prayagraj,211008
Prayagraj,211009
Prayagraj,211010
Prayagraj,211011
Prayagraj,211012
Prayagraj,211013
Prayagraj,211014
Prayagraj,211015
Prayagraj,212101
Prayagraj,212102
Prayagraj,212103
Prayagraj,212104
Prayagraj,212105
Prayagraj,212106
Prayagraj,212107
Prayagraj,212108
Prayagraj,212109
Prayagraj,212110
Prayagraj,212111
Prayagraj,212112
Prayagraj,212113
Prayagraj,212114
Prayagraj,212115
Prayagraj,212116
Prayagraj,212117
Prayagraj,212118
Prayagraj,212119
Prayagraj,212120
Prayagraj,212121
Prayagraj,212122
Prayagraj,212123
Prayagraj,212124
Prayagraj,212125
Prayagraj,212126
Prayagraj,212127
Prayagraj,212128
Prayagraj,212129
Prayagraj,212130
Prayagraj,212131
Prayagraj,212132
Prayagraj,212133
Prayagraj,212134
Prayagraj,212135
Prayagraj,212136
Prayagraj,212137
Prayagraj,212138
Prayagraj,212139
Prayagraj,212140
Prayagraj,212141
